模型,MSE,RMSE,MAE,MAPE(%)
XGBoost,234014.019042,483.749955,374.192115,5.743875
Random Forest,260234.969442,510.132306,409.379205,6.306315
